0,Eu exercitation excepteur ut aute anim velit ex ullamco ad quis.
1,Eu exercitation excepteur ut aute anim velit ex ullamco ad quis.
2,Eu exercitation excepteur ut aute anim velit ex ullamco ad quis.
3,Eu exercitation excepteur ut aute anim velit ex ullamco ad quis.
4,Eu exercitation excepteur ut aute anim velit ex ullamco ad quis.
5,Eu exercitation excepteur ut aute anim velit ex ullamco ad quis.
6,Eu exercitation excepteur ut aute anim velit ex ullamco ad quis.
7,Eu exercitation excepteur ut aute anim velit ex ullamco ad quis.
8,Eu exercitation excepteur ut aute anim velit ex ullamco ad quis.
9,Eu exercitation excepteur ut aute anim velit ex ullamco ad quis.
