0,"DB Longboards CoreFlex Crossbow 41"" Bamboo Fiberglass Longboard Complete"
1,"Electronic Snap Circuits Mini Kits Classpack, FM Radio, Motion Detector, Music Box (Set of 5)"
2,"3Doodler Create Flexy 3D Printing Filament Refill Bundle (X5 Pack, Over 1000'. of Extruded Plastics! - Innovate"
3,Guillow Airplane Design Studio with Travel Case Building Kit
4,Woodstock- Collage 500 pc Puzzle
5,"Terra by Battat – 4 Dinosaur Toys, Medium – Dinosaurs for Kids & Collectors, Scientifically Accurate & Designed by A Paleo-Artist; Age 3+ (4 Pc)"
6,"Rubie's Child's Pokemon Deluxe Pikachu Costume, X-Small"
7,"Hoffmaster 120813 Double-Tipped Triangular Crayon, 88 mm Length, Wrapped (500 Packs of 2)"
8,"ARTSCAPE Etched Glass 24"" x 36"" Window Film, 24-by-36-Inch"
9,Pokemon TCG: Sun and Moon Crimson Invasion Elite Trainer Box
10,"Moonlite, 3-Story Bundle for Boys, Includes 3 Story Reels for Use with Storybook Projector"
11,DC Cover Girls: Black Canary by Joëlle Jones Statue
12,"Baby Doll Bedding Chevron Window Valance and Curtain Set, Orange"
13,"LEGO Minecraft Creeper BigFig and Ocelot Characters 21156 Buildable Toy Minecraft Figure Gift Set for Play and Decoration, New 2020 (184 Pieces)"
14,C&D Visionary DC Comic Originals Flash Logo Sticker
15,"The Learning Journey ABC Melody Maker, Primary"
16,"The Complete Common Core: State Standards Kit, Grade 5"
17,Flash Furniture 25''W x 45''L Trapezoid Red HP Laminate Activity Table - Height Adjustable Short Legs
18,Schylling Veterinarian Kit
19,Yellies! Frizz; Voice-Activated Spider Pet; Ages 5 & Up
20,Disney HK318329 Sofia The First Sleepover Set
21,Team Associated 9665 Hinge Pin Brace with Hinge Pins B4/T4
22,"PLUS PLUS - Construction Building Toy, Open Play Set - 3,600 Pieces with Storage Tub - Basic Color Mix"
23,"Big Party Pack Orange Peel Plastic Plates | 10.25"" | Pack of 50 | Party Supply"
24,Peppa Pig Shape Sorter Clock Puzzle (12Piece)
25,Huffy Kids Bikes 16 & 20 inch with Streamers and BMX Pegs
26,NKOK Sonic and Sega All Stars Racing Remote Controlled Car - Sonic The Hedgehog
27,Industro Stainless Steel Hose Clamps
28,"Oopsy Daisy Birchwood Owl Growth Chart, Pink, 12"" x 42"""
29,Springbok Puzzles - Christmas Wishes - 400 Piece Jigsaw Puzzle - Large 26.75 Inches by 20.5 Inches Puzzle - Made in USA - Unique Cut Interlocking Pieces - Big Pieces for Kids & Small Pieces for Adults
30,Franklin Sports Eye Black Stickers for Kids - Customizable Lettering Baseball and Football Eye Black Stickers - White Pencil Included
31,Costume Sunglasses Clown from IT Sun-Staches Party Favors UV400
32,"Jay Franco Disney Frozen 2 Forest Spirit Twin/Full Comforter & Sham Set, Mutli"
33,TAMASHII NATIONS Bandai S.H. Figuarts Captain America & Tamashii Effect Explosion Avengers: Infinity War Action Figure
34,"Forum Novelties Union Officer Child's Costume, Medium"
35,"Weiler 14506 Nylox Cup Brush, 6"", 0.40/80SC Crimped Fill, 5/8""-11 UNC Nut"
36,Disney Mickey Golf Ball Spinner Pewter Key Ring Key Accessory
37,"Anagram International 3085101 Go Team Megaphone Shop Balloon Pack, 29"""
38,"Happy Birthday Jointed Letter Banner, Under Construction"
39,Poopsie Unicorn Crush with Glitter and Slime Surprise (2-Pack)
40,Funko Pop! Games: Persona 5 - The Joker (Styles May Vary)
41,Klutz Decorate This Journal Toy
42,Random Esoteric Creature Generator for Classic Fantasy Rpgs & Their Modern Simulacra
43,Bachmann Trains Great Northern Gondola
44,"Disney's Alice in Wonderland, ""The Hatter's Mad"" Woven Tapestry Throw Blanket, 48"" x 60"", Multi Color"
45,Pacific Play Tent Agility Dog Training Chute
46,Barbie Babysitters Inc. Popcorn Set
47,"Losi Ride Height Gauge, LOSA99173"
48,Melissa & Doug Disney Cinderella Rags to Riches Wooden Magnetic Game With 10 Magnetic Pieces and Wand
49,VTech Twist and Hug Koala Rattle
50,"LAMO 5"" Vinyl Figure - Legacy Gamers Dr Disrespect, Red"
51,"Marvel Avengers Assemble Captain America Costume T-Shirt with Mask, Small"
52,"Vallejo Game Color Sunblast Yellow Paint, 17ml"
53,"Mudpuppy Unicorn Magic Activity Coloring Roll, Age 4+, Creative Fun with Coloring, Mazes, Spot The Difference and More, Includes 5 Colored Pencils, Easy to Store Unicorn Paper Roll"
54,Top Trumps Liverpool FC 18/19 Card Game
55,Hot Wheels Track Builder Straight Track with Car AND Hot Wheels Race Case Track Set
56,"Wild Republic Mermaid Toy, Slap Bracelet, Gifts for Kids, Purple, Huggers 12"""
57,Melissa & Doug Annie Doll & Feeding Set Bundle
58,"LeapFrog LeapStart Preschool 4-in-1 Activity Book Bundle with ABC, Shapes & Colors, Math, Animals"
59,Sherlock Holmes - The Challenge of Irene Adler
60,Great Eastern Entertainment Boys Attack On Titan - Levi Wallet
61,Domez My Hero Academia 4-Piece Bundle
62,"Paw Patrol, Mighty Pups Charged Up Chase’s Deluxe Vehicle with Lights and Sounds"
63,Alex Discover Button Art Activity Set Kids Art and Craft Activity
64,DC Collectibles DCTV: Black Lightning Resin Statue
65,Rubie's Adult 2-Tone Costume Wig
66,Funko Pop! Rides: Mulan - Mulan On Khan
67,Flaghouse Chrome Bowling Ball Ramp
68,"Trends International DC Comics Movie-Batman v Superman Wall Poster, 14.725"" x 22.375"", Premium Unframed"
69,"Aurora World Sweet and Softer Perky Penguin 9.5"" Plush"
70,Baby Alive Luv 'n Snuggle Baby Doll Blond
71,Mega Construx Welliewishers Playful Playhouse Buildable Playset
72,Aurora World Miyoni Poodle Pup Plush
73,"Squish-Dee-Lish Squishy Jumbo Toy, Squishies - Slow Rising Pup-Corn, Soft Kids Squishy Toys 86715"
74,"Mon AMI Pink Piglet Ballerina Designer Plush Doll, Exquisite Craftmanship, Premium Quality, Cuddling, Collecting & Playing Toy, Baby or Toddler Gift 18"", Multicolor"
75,Proline 1013214 Hyrax 2G8 Rock Terrain Truck Tires (2)
76,RoomMates Curious George Peel and Stick Giant Wall Decal - RMK1082GM
77,NECA - Teenage Mutant Ninja Turtles (1990 Movie) Prop Replica
78,Hansa Ostrich Baby Plush
79,RPM 73162 Axle Carriers Black 1/16 Traxxas Black
80,Mikasa VSO2000 FIVB Replica Volleyball
81,The Corps Special Forces Action Figures & Vehicle Deluxe Playset (Packaging & Colors May Vary)
82,Creativity for Kids Clay Keychains
83,Herbaceous
84,"Wild Republic Snake Plush, Snake Stuffed Animal, Plush Toy, Pet Snake, Sherbert, 54"""
85,"NPW-USA NPW67309 Drinking Buddies Dice Game, 6-Piece Set"
86,Blade 130 S BNF Basic With Safe
87,"Madame Alexander 8"" ICY Elegance Light Skin Tone Blue Eyes/Blonde Hair"
88,NCAA Georgia Bulldogs Toy Puzzle Cube
89,COBI Historical Collection M3 Grant Tank
90,"Learning Resources Serve It Up! Play Restaurant, Pretend Restaurant Set, 35 Pieces, Ages 3+"
91,"Amscan 120175 Banner, 8' x 6 1/2"", Multi Color"
92,"Melissa & Doug K’s Kids Whose Tail? 8-Page Soft Activity Book, The Original (Great Gift for Girls and Boys - Best for Babies and Toddlers, All Ages)"
93,"Bachmann Old-Time Box Car - Pennsylvania LINES - N Scale, Prototypical Oxide Red"
94,Jumbo Foil Star Cutout (gold) Party Accessory (1 count)
95,Aquarius I Heart Unicorns Playing Cards
96,"Great Eastern Mega Man X4 9"" Plush"
97,"Robinson Racing Products Robinson Racing 1710 Hardened 10T Pinion Gear 32P, Brown/A"
98,Maisto R/C 1:14 Scale Lamborghini Huracan Radio Control Vehicle (Colors May Vary)
99,Aquarius DC Wonder Woman Retro Playing Cards
100,"MightySkins Skin Compatible with Parrot Bebop 2 – Slow Sloth | Protective, Durable, and Unique Vinyl Decal wrap Cover | Easy to Apply, Remove, and Change Styles | Made in The USA"
101,"Martha Stewart Crafts Stencil Tape, 32292"
102,LEGO Friends Heartlake Surf Shop 41315 Building Kit (186 Pieces)
103,amscan Thank Yous | Hello Kitty Collection | Party Accessory
104,"Great Pretenders Fairy Blooms Deluxe Dress with Wings, Green, Medium"
105,"Thames & Kosmos Chem C2000 (V 2.0) Chemistry Set with 250 Experiments and 128 Page Lab Manual, Student Laboratory Quality Instruments & Chemicals"
106,"The Doll Maker Precious Moments Dolls, Linda Rick, Lion, Lion of Courage, Wizard of Oz, 7 inch Doll"
107,Swing-N-Slide Blue Child Seat
108,Kid O Myland UFO & Alien Light Interactive Learning Toy
109,"Hasbro Little Pony Rainbow Dash Cuddle Pillow, Large, Blue"
110,Jay Franco Nickelodeon JoJo Siwa Sweet Life Curtain/Drapes
111,Play-Doh Poop Troop Set with 12 Cans
112,Marvel Select: Hulk Unleashed Action Figure
113,Firefly: The Game - Esmeralda Game Expansion
114,Gym Dandy Teeter-Totter Home Seesaw Playground Set TT-210
115,Ultra Pro Gamers Bag - Red
116,"American Educational Vinyl Clever Catch Elementary Science Insects Ball, 24"" Diameter"
117,Banpresto 35783 My Hero Academia Enter The Hero Izuku Midoriya Figure
118,"Delta Children Bistro 2-Piece Chair Set, White with Driftwood"
119,Nations The Dice Game Unrest Expansion
120,Educational Insights Nancy B's Science Club Binoculars and Wildlife Activity Journal
121,"Educational Insights Alphabet Transparent Stamps- Uppercase 5/8"""
122,Enchantimals Styling Head- Brown Mailer
123,Spirit Riding Free Small Doll & Horse Set - Abigail & Boomerang
124,Click N' Play Military Logistics Transport Unit 16 Piece Play Set with Accessories.
125,HiTec RCD 55013 HS-65HB Mighty Karbonite Feather Servo
126,"Canal Toys Power Dough Unicorns Interactive Dough (11Piece), Multicolor"
127,COBI Small Army DW Twin-Turret Tank
128,Trend Enterprises Division 0-12 All Facts Skill Drill Flash Cards
129,Hitec RCD 44212 X4 Micro AC/DC 1 Cell LiPo Charger
130,"Craft-tastic – Kindness Kit – Craft Kit Includes 8 Projects to Inspire Kindness, Bilingual"
131,"Corolle Bebe Bath Oceane - 12"""
132,"MasterPieces John Wayne Jigsaw Puzzle, America's Cowboy, Legendary Collection, 1000 Pieces"
133,"Perler 80-22860 Instruction Pad for Fuse Beads, 86 Patterns, Summertime Fun Piece"
134,Tiny Arcade Pole Position
135,WWE Rey Mysterio Elite Collection Action Figure
136,Dragon Ball Fighterz - PlayStation 4
137,Original 3D Crystal Puzzle - Swan
138,"Dark Horse Deluxe The Umbrella Academy Playing Cards, Multicolor"
139,"Strawberry Shortcake Classic Doll, 6"""
140,"Darice Doll Hat: Black Felt Top Hat, 2 inches, 1 Piece"
141,"Sugarbooger Silicone Teether Set-of-Two, Happy Cactus"
142,"Wild Republic Horse Plush, Stuffed Animal, Plush Toy, Gifts for Kids, Cuddlekins, Brown 12 Inches"
143,LEGO Technic Power Functions Motor Set 8293 (10 Pieces)
144,"WalthersTrainline Ready to Run Union Pacific #908814 Firefighting Car, Green/Black"
145,Punto Tin -The Pt.-to Pt. Card Game
146,"SpongeBob SquarePants, Masterpiece Memes, 8” Collectible Vinyl Figure, Handsome Squidward (Closed Eyes)"
147,Melissa & Doug Bella Butterfly Net
148,Pokemon 3 Inch Alolan Muk Articulated Battle Action Figure
149,"Jada Limited Edition 4"" METALFIGS - Power Rangers - RED Ranger M334 99270"
150,Medieval Princess Fuschia Child Costume
151,Vallejo Imperial Rome Era Paint Set
152,Indie Boards and Cards Flash Point Fire Rescue 2nd Story
153,Dremel 7103 5/64-Inch Diamond Wheel Point
154,"American Greetings My Little Pony Swirl Decorations, 12-Count, Multicolored - AMI 675513"
155,Lightseekers Trading Card Game Intro Pack
156,"Amscan Party Supplies, Multicolor"
157,Nuts
158,Carson Dellosa Key Education Verbs: Actions Learning Cards (845005)
159,theory11 Product(RED) Playing Cards
160,Disney Pixar Cars Trainer Cruz Ramirez
161,Mudpuppy Bonjour Paris! Magnetic Figures
162,"Fashion Angels We Smell Sweet Bracelet Kit, Assorted"
163,"Mayflower Distributing Company 55270 U OF VIRGINIA - BEV NAPKIN 24CT, One size, Multicolor"
164,Forum Novelties Men's Adult Suede Cowboy Hat
165,DC Collectibles DC Artists Alley: Wonder Woman by Chris Uminga Limited Edition Vinyl PVC Figure
166,Transformers Bumblebee Movie Muscle Bumblebee Costume for Infants
167,Carrera 23856 Ferrari 512 S Berlinetta Scuderia Filipinetti #3 1970 Digital 124 Slot Car 1:24 Scale
168,"Nick Jr. Dora the Explorer Child's Dora Costume with Backpack, Small"
169,"Amscan 399918 6 Piece Game Day Photo Props Kit, One Size, Multicolor"
170,"Forum Novelties Men's Standard Adult All Wrapped Up Ugly Christmas Sweater, Naughty Stocking, Large"
171,"Sport Squad HX40 40 inch Table Top Air Hockey Table for Kids and Adults - Electric Motor Fan - Includes 2 Pushers and 2 Air Hockey Pucks - Great for Playing on The Floor, Tabletop, or Dorm Room"
172,BeginAgain BuddyBlocks Safari Animals - Matching and Problem Solving - Kids 18 Months and Up
173,Snow White and The Huntsman Deluxe Queen Ravenna Costume
174,"Skip Hop Bandana Buddies Baby Activity and Teething Toy with Multi-Sensory Rattle and Textures, Elephant"
175,"American Educational Inflatable World Globe, 24"""
176,Gowi Toys Austria Police Van with Police Play Figures
177,Bendon Finding Dory Sticker Box
178,Playmobil My Café
179,4M Glow-In-The-Dark 3D Dinosaur
180,Battat – 3 Car Garage – Shape Sorting Toy Garage with Keys and 3 Toy Cars for Toddlers 2 years + (5-Pcs)
181,RoomMates My Little Pony Fluttershy Peel and Stick Giant Wall Decals
182,Funko Pop! Marvel: Avengers Endgame - Iron Spider with Nano Gauntlet
183,"Transformers Toys Cyberverse Action Attackers: 1-Step Changer Skybyte Action Figure - Repeatable Driller Drive Action Attack - for Kids Ages 6 & Up, 4.25"""
184,"amscan Pretty Potion Witch Halloween Costume for Girls, with Included Accessories"
185,"Eureka Back to School Gold Glitter Star Stickers for Kids and Teachers, 72pc"
186,Faber-Castell Creative Studio Goldfaber Aqua Watercolor Pencils - Tin of 12 Colors
187,Medicom Neon Genesis Evangelion: Eva Evangelion Unit 01 Shogo-Ki Maf Ex Action Figure
188,"Lionel FasTrack Electric O Gauge, O36 Curve Track, 4-Pack"
189,Rubies Devil Girls Child Red Demon Costume
190,"Bright Starts Rattle & Shake Barbell Toy, Ages 3 months +"
191,Pete The Cat Groovy Buttons Mini Stickers
192,"Disney Rapunzel Acrylic Key Ring, Multicolor"
193,"Fisher-Price #Selfie Fun Phone, Baby Rattle, Mirror and Teething Toy"
194,Rubie's Costume Womens Police Costume
195,"LEGO Creator Expert Gingerbread House 10267 Building Kit, New 2020 (1,477 Pieces)"
196,Folkmanis Standing Bear Hand Puppet
197,Pro Series CLM-16 Red Plastic Scoring Pills for Kelly Pool in Hang Pack
198,Awesome Paw Patrol Bundle of 3 Pieces
199,Rubie's Suicide Squad Joker Teeth Adult Costume
200,"Papo Wild Animal Kingdom Figure, Cheetah with Cub"
201,"3DLightFX Nickelodeon Tent, Leonardo's Katana"
202,"DC Lantern 2.75"" PVC Figure, Green"
203,"Nickelodeon's Dora and the Lost City of Gold Nickelodeon's Dora & The Lost City of Gold: Boots, Multicolor"
204,"Star Wars: The Force Awakens Child's Stormtrooper Costume, Medium"
205,Ceaco Perfect Piece Count Puzzle - Thomas Kinkade Disney Dreams Collection - Beauty and the Beast
206,Disney Belle Soft Touch PVC Key Ring
207,"Forum Novelties Prince Charming Child's Costume, Small"
208,Rubie's Costume Dc Heroes and Villains Collection Joker Latex Mask
209,"VTech Click and Count Remote, Black"
210,Daron United 747 Single Plane
211,"FOCO DC Comics Justice League Character Bobble, Superman"
212,"amscan Frozen 2 Birthday, Metallic Blowouts, Party Favor, 7.25"", 8 Ct."
213,"BePuzzled Original 3D Crystal Jigsaw Puzzle - Wolf Animal Assembly Brain Teaser, Fun Model Toy Gift Decoration for Adults & Kids Age 12 and Up, Black, 37 Pieces (Level 1)"
214,TOMY John Deere Learn 'n Pop Farmyard Friends Toy
215,Forum Novelties Jolly Elf Adult Costume
216,Melissa & Doug Disney Sofia the First and Princess Amber Magnetic Dress-Up Wooden Doll Pretend Play Set (40+ pcs)
217,"Melissa & Doug Created By Me! Heart Beads Wooden Bead Set - The Original (Jewelry-Making Kit, Over 120 Beads, 5 Cords, Great Gift for Girls and Boys – Best for 4, 5, 6, 7 and 8 Year Olds)"
218,Eureka Educational Blue Harmony Assorted Diamonds (841357)
219,"Wild Republic Great White Shark Plush Stuffed Animal Toy, Gifts for Kids, Cuddlekins 20 Inches"
220,Privateer Press Warmachine - Convergence of Cyriss - Accretion Servitors Model Kit
221,Entertainment Earth Designer Series Wonder Woman by Darwyn Cooke Action Figure
222,Entertainment Earth Batman Black & White 1st Appearance by Bob Kane Figure
223,"Stephen Joseph Cape, Unicorn"
224,Yu-Gi-Oh! Cards: Cyberse Link Structure Deck
225,"Huffy Disney Princess Kid Bike 12 inch & 16 inch, Quick Connect Assembly & Regular Assembly, Pink"
226,"Wild Republic Cuddlekin Three Toed Sloth 12"" Plush"
227,In the Breeze Silver Sparkle Tails
228,X-Shot Chaos Orbit Dart Ball Blaster (100 Rounds) - Double Blaster Pack by Zuru
229,Transformers TCG: Bumblebee Vs. Megatron 2-Player Starter Set | 1 Ready-to-Play Deck | 44 Cards Incl. Bumblebee
230,"EVAN-MOOR 4545 Skill Sharpeners Math Book, Grade 1, 0.5"" Height, 8.5"" Width, 11"" Length"
231,"Mrs. Grossman's Outer Space Reusable Sticker Activity Set, Multicolor"
232,Bachmann Trains Norfolk and Western Flat Car
233,Bigjigs Rail Wooden Fairy Town Train Set - 75 Play Pieces
234,"Lionel Racing, Chase Elliott, Napa Nightvision, 2018, Chevrolet Camaro, NASCAR Diecast 1: 24 Scale"
235,Calplush Safari Friends Black Panther Plush Animal Toy
236,Magic Cabin 25-Piece Carpenter's Essentials Set
237,Backyard Discovery Woodland All Cedar Wood Playset Swing Set
238,"Safety 1st Rubber TempGuard, Ducky"
239,"Horizon Group USA Painting Panel Canvas Boards, 9x12, Pack of 12"
240,Happy Trails Zebra Plush Rocking Animal
241,"Wild Republic T-Rex Plush, Dinosaur Stuffed Animal, Plush Toy, Gifts for Kids, Dinosauria 17 Inches"
242,"Du-Bro 223 1/8"" x 2' Large Super Blue Silicone Tubing"
243,"Galison Joy to The World 1000 Piece Jigsaw Puzzle for Adults, Holiday Puzzle for Families with Festive Theme"
244,"Marvel: Animated Spider-Man Movie Mile Morales Spider-Man Collectible Figure, Multicolor"
245,"Tamiya TAM58646 1/18 R/C Konghead 6x6 (G6-01) Kit, Brown"
246,"Schleich North America Tyrannosaurus Rex Toy Figure, Red"
247,Bachmann EMD 70ACe DCC Sound Value Equipped Diesel Locomotive - ILLINOIS TERMINAL #1072 (with operating ditch lights) - HO Scale
248,"edx Education School Friendly Playing Cards - Jumbo Size - Set of 56 - Multicolored Patterned Cards Numbered 0-13 for Gameplay - Teach Number Concepts, Counting, Matching and Probability"
249,"Colorbok YPI50047 You Paint It Plaster Kit, Value Pack, Enchanted"
250,Funko Pop! Keychain: Frozen 2 - Elsa
251,Rayne Longboards Demonseed Longboard Complete
252,"K2 Skate Men's Kinetic 80 Pro Inline Skate, Black White, 10.5"
253,Center Enterprise CE6620 Circular Washable Vivid Orange Stamp Pad
254,Funko Pop Games: Fortnite - Tomatohead
255,K’NEX – Turbo Jet – 2-in-1 Building Set – 402 Pieces – Ages 7+ – Engineering Educational Toy
256,Kettler Advantage Indoor Table Tennis Bundle: 4 Player Set (4 Rackets/Paddles and 8 Balls)
257,"Ravensburger Disney Princess Adorable Cinderella 100 Piece Glitter Jigsaw Puzzle for Kids – Every Piece is Unique, Pieces Fit Together Perfectly"
258,Folkmanis Mini Sitting Frog
259,"Funko Pop Marvel: Runaways - Molly Collectible Figure, Multicolor"
260,"Delta Children Plastic Toddler Bed, Nickelodeon SpongeBob SquarePants"
261,Yoshi's Crafted World - Nintendo Switch
262,"Avengers Marvel Black Panther 6""-Scale Marvel Super Hero Action Figure Toy"
263,Swagtron Swagger 2 Plus Foldable Electric Scooter for Adults & Teens
264,"VTech Baby Lil' Critters Shake and Wobble Busy Ball Amazon Exclusive, Purple"
265,Wildkin Kids 17 Inch Backpack
266,Barbie Dolphin Magic Snorkel Fun Friends
267,Melissa & Doug Pretend Play Wooden Star Diner Restaurant With 40+ Accessories and Play Food
268,Mudpuppy Princesses Color in Crowns
269,WWE Rowan Elite Collection Action Figure
270,DIAMOND SELECT TOYS John Wick Vinimate
271,"Wild Republic Mountain Goat Plush, Stuffed Animal, Plush Toy, Gifts for Kids, Cuddlekins 8 Inches"
272,Pokemon TCG: Mega Camerupt EX Premium Collection Box
273,Sun-Staches Costume Sunglasses Incredibles Edna Mode Glasses Party Favors UV400
274,AMERICAN GREETINGS Bright Colors Latex Balloons | Pack of 15 | Party Decor
275,GreenBrier Games Yashima Legends from Fairytale Board Game
276,Bachmann Industries New Haven 50' Plug Door Box Car
277,"HARRY POTTER Collapsible Storage Cubes 2 Pack, Red"
278,"Animal Adventure | Popovers Travel Pillow | Orange Fox | Transforms from Character to Travel Pillow | 13"" x 8.5"" x 6"
279,Plush Royal Crown (purple) Party Accessory (1 count) (1/Pkg)
280,Wind-Up Walking Families - Duck Family
281,"Melissa & Doug Kids Furniture, Wooden Table & 4 Chairs (White Table, Pastel Pink, Yellow, Green, Blue Chairs, 20.5” H x 23.5” W x 20” L, Great Girls and Boys – Best for 3, 4, 5, 6, 7 and 8 Year Olds)"
282,Bohnanza: High Bohn Plus Bohnaparte Card Game
283,Hey! Play! Kids Pop-up Six-sided Ball Pit Tent
284,Bandai Hobby MG 1/100 Gunner Zaku Warrior (Lunamaria Hawke Custom) Gundam Seed Destiny
285,DIAMOND SELECT TOYS Batman The Animated Series: Ra's Al Ghul Resin Bust Figure
286,Skywalker Trampolines 9x15 Blue Rectangle Spring Pad
287,"Sticko 450188 Stickers, Shimmery Stars"
288,"Step2 2-in-1 Toy Box & Art Lid | Plastic Toy & Art Storage Container, Grey"
289,"9"" SOCCER BALL INFLATE"
290,Wood Photo Knobbed Puzzles for Kids
291,PRINZ Man Money Curse Fund Piggy Bank
292,"Adora ToddlerTime Girl Doll, Macaraccoon, Weighted Vinyl Baby Doll Toy with Soft Body, 20-inch (Ages 6+)"
293,"Ergobaby Metro Compact City Stroller Accessories, Backpack-Style Carry Bag"
294,"LIL TOTS Princess 14"" Doll & Unicorn Set"
295,"Discovery Layers of The Earth Geology Sand Dig Kit by Horizon Group USA, 3-in-1 Earth Exploration"
296,"Gorilla Playsets 01-3036-G Malibu Playhouse Wooden Playhouse for Kids, Brown & Green"
297,"GUND Baby My First Christmas Reindeer Lovey Plush Blanket, 12"", Brown"
298,Power Rangers 97376 Blaster Role Play
299,"Celebrity 24DCL 24"" Latex Balloons, Clear (Pack of 10)"
300,Emoji Pals Kissy Kids Saucer Chair
301,"Creativity for Kids My First Fun Felt Shapes - Travel Friendly Felt Board for Toddlers (Imaginative Pretend Play for Kids, 100+Piece)"
302,"Melissa & Doug Mine to Love Jordan 12” Baby Doll (Includes Romper, Cap, Pacifier, Great Gift for Girls and Boys - Best for Babies, 18 Month Olds, 24 Month Olds, 1 and 2 Year Olds )"
303,Darice 9163-46 Wood Airplane Craft
304,"University Games Break Out Game, Kids"
305,"Anna Frozen Fever Deluxe Costume, One Color, 3T-4T"
306,Crawl N Play
307,Bicycle Rider Back Playing Cards
308,"Gigantosaurus Figures Giganto & Friends Toy Action Figures, Includes: Giganto, Mazu, Bill, Tiny & Rocky – Articulated Characters Range from 2.5-5.5"" Tall"
309,Greenlight 1:64 Hobby Exclusive - 1967-72 Ford F-350 Ramp Truck with Truck Driver Figure Diecast Toy Car 29892
310,"Top Notch Teacher Products Chart Tablet Polka Dot (1 1/2"" Ruled), Red, 24"" x 32"""
311,Schylling Shuffle Shot
312,"NKOK Ghostbusters Animated B/O Ecto1 with Slimer B/O 1, Ghost Catcher"
313,"Melissa & Doug Magnetivity Magnetic Tiles Building Play Set – School with School Bus Vehicle (106 Pieces, STEM Toy, Great Gift for Girls and Boys - Best for 4, 5, 6, 7, 8 Year Olds and Up)"
314,"Barbie Bride Costume, Medium"
315,My Own Pet Balloons Cat Domestic Animal
316,Turtle Beach XO Three Gaming Headset for Xbox One
317,"Melissa & Doug Children’s Book - Float-Alongs: Tiny Tugboats (Bath Book + 3 Floating Tugboat Toys, Great Gift for Girls and Boys - Best for Babies and Toddlers, 4, 5, 9 Month Olds, 1 and 2 Year Olds)"
318,Fisher-Price Slow Much Fun Stroller Sloth
319,"Pitsco TETRIX Gear Pack (40, 80, and 120-tooth)"
320,"Click N' Play Jumbo 10.5”"" Animal Figurine Playset, Assorted 5Piece Realistically Designed Wild Zoo, Safari, Jungle Plastic Animals for Kids & Toddlers"
321,Silver Unicorn
322,"Triple Eight Sweatsaver Liner Skateboarding Helmet, Zest Rubber, Small"
323,"Rollerblade Twister Edge Men's Adult Fitness Inline Skate, Black and Red, High Performance Inline Skates"
324,Click N’ Play Military Police Elite SWAT Patrol Team 32 Piece Play Set with Accessories
325,Crate Creatures Surprise- Blizz
326,EMD GP40 Diesel Locomotive UNION PACIFIC #508 (without dynamic brakes) - N Scale
327,"Redcat Racing GA-5500-100C-5MMBullet Gens Ace 5500mAh 7.6V 100C 2S2P Hardcase Hv Lipo Battery Pack 59# Racing Series, Black"
328,Airfix Gloster Gladiator MK I/MK II 1:72 WWII Military Aviation Plastic Model Kit A02052A
329,Gamma Shockbuster Vibration Dampener
330,Juniors Go Go Girl Black Costume (Standard;Child Large)
331,Forum Novelties Child's Tutu Skirt
332,Fun2Give Pop-It-Up Dollhouse Tent with House Playmat Playhouse
333,Osmo - Super Studio Disney Mickey Mouse & Friends Game - Ages 5-11 - Learn to Draw your Clubhouse Favorites & Watch them Come to Life - For iPad and Fire Tablet (Osmo Base Required)
334,Dark Horse Deluxe Geralt Playing Gwent Bust Toy
335,Faber-Castell Grip Watercolor EcoPencils - 12 Water Color Pencils with Brush
336,BigWood Boards Lucky Bums Snowball Snowbrick Maker Set
337,Busch 4131 Lamp on Lattice Mast Oval HO Scale Model Lighting
338,Disney Princess Dancing Doodles Belle
339,"Bedtime Originals Plush Toy, Dog Whiskers"
340,"Pacific Play Tents 20305 Izzy The Friendly Monster Sleeping Bag - 58"" x 28"""
341,Melissa & Doug Lovey Lamb Stuffed Animal (10 inches)
342,"All About Details CATHE60 Hello 60 Cake, 1pc, 60th Birthday, Party Decor, Glitter Topper (Gold & Black), 6 x 9,"
343,"Hampton Nautical Wooden Charles W. Morgan Model Whaling Boat, 15"""
344,In the Breeze Dragon Twister
345,Drama Queens: Bad Spirit Kids Costume Small 4-6
346,Fisher-Price Little People Dump Truck
347,Colorforms Brand Despicable Me Create a Story Restickable Set
348,Trends International My Little Pony - Pop Up Stickers - 4 X 8
349,"""Numeric Candle, #4"""
350,"Estes Standard Engine Igniter Plug, Magenta/Yellow"
351,Florida-Opoly
352,"Fisher-Price Infant-to-Toddler Rocker, Jungle Fun"
353,CLOVER 8462 Flower Frill Templates Extra Small and Mini Sizes
354,"Carson-Dellosa Publishing Language Arts Learning Games, Grade 2"
355,"Perler Beads Forest Animals Fuse Bead Kit, 2000pcs, 7 Projects"
356,"Toysmith Get Outside GO! Neon Dart Ball Set, Packaging may vary"
357,Rubie's Rag Doll Children's Costume
358,Bachmann Trains Thomas & Friends - Cranky The Crane
359,"Aurora World Sea Sparkles Mermaid, Bride"
360,Sunny Days Entertainment Bendems Collectible Posable Figures - Bob's Burgers: Bob
361,"Rubie's Costume Captain America: Civil War Black Panther Child Top and Mask, Small"
362,Dickie Toys Air Pump Garbage Truck
363,Funko Pop! Animation: Rick and Morty Lawyer Morty Collectible Figure
364,"Constructive Playthings Tree Blocks, Set of 36 Hand-Cut Wood Pieces, Various Shapes and Shades, STEM Approved"
365,Walthers Cornerstone HO Scale Hardwood Furniture Factory Structure Kit
366,Woodland Scenics P358 Pine Car Derby Dry Graphite Lubricant .22 Ounces
367,Charley Harper Monteverde 1000 Piece Jigsaw Puzzle
368,"Aurora World 9"" I Love You Corgi"
369,Haywire Group Flickin' Chicken
370,Marvel Hulk Fist Pewter Key Ring
371,Silver Glitter Hanging Fans (4 ct)
372,"Learning Resources Base Ten Blocks Smart Pack, Early Childhood Math Skills, Ages 5+"
373,Alex Studio Expressions Easel Case Artist Set Kids Art Supplies
374,"Barbie Outdoor Furniture Set, Brick Pizza Oven"
375,COBI Small Army A12 Matilda Tank
376,Illustrated Faith - Stickers - Word Art
377,American Girl WellieWishers Garden Adventure Picnic for WellieWisher Dolls
378,"Odyssey Toys Hape Chunky Number Puzzle (10 Pieces), Multicolor, 5'' x 2''"
379,Gamewright Too Many Monkeys
380,"Badger Basket Chevron Upholstered Doll Sofa with Foldout Bed (fits American Girl Dolls), Pink/White"
381,"ebba Baby Talk Carrier, My Pirate Ship Playset"
382,"Prism Skate Co Biscuit Artist Series Skateboard at 6.5 lb, Blue, 28"" x 8"" 5.25"""
383,"Sammons Preston Replacement Cover for Mini Exercise Trampoline, Optional Cover for Small Trampoline, Durable Frame Cover for Home or Clinical Use"
384,"KidKraft Wooden Espresso Smoothie Set with Pretend Fruits & Vegetables Play Food, Removable Lid"
385,Rhode Island Novelty 5 Inch Smile Face Playground Ball
386,"Darice Wood Barn Bird House, 8-Inch, Natural"
387,Smart Play Ingenio Colors & Shapes Memory Match Game
388,"up4 Mickey Grab N Go Play Pack 8.50x5.25x0.5 [Contains 8 Retail (S) Per SKU# 1051224, Multicolor"
389,L.O.L. Surprise! O.M.G. Winter Disco Dollie Fashion Doll & Sister
390,"Poolmaster Vinyl Water Hammock, Blue"
391,"ICS RC Cars, AMOSTING 35MPH 1/12 Scale 2.4GHz 2WD High Speed Off Road Remote Control Car Monster Trucks"
392,Originals Aquaman DC Comics Superman Zombie String Doll Keychain
393,Color My Heart Pendant Necklace Craft Kit
394,"Rubie's Justice League Child's Deluxe Aquaman Costume, Large"
395,"Learning Resources Primary Science Deluxe Lab Set, Science Kit, 45 Piece Set, Ages 3+"
396,Swimline Pool Jam Inground Basketball
397,Forum Novelties Children's Unisex Headless Costume
398,Funko Pop! Animation: Scooby Doo - Clown
399,"NEBULOUS STARS Marinia's Secret Diary, Motif Applicator Pen & Ball Pen & Lock Included, Multicolor"
400,Glitter Girls by Battat – Flutter and Sparkle Shoes and Leggings Accessory Set – 14-inch Doll Clothes and Accessories for Girls Age 3 and Up – Children’s Toys
401,Little Buddy Super Mario All Star Collection 1448 Lakitu/Jugemu Stuffed Plush
402,C.R. Gibson Little Lamb's Perfect Day Board Book and Stuffed Animal Set for Newborns and Babies
403,Pressman Toys Giant Snakes & Ladders Game (4 Player)
404,Testors TENAMEL-1253T Aerosol Enamel Paint 3oz-Gray Metallic
405,Banpresto Love Live! Exq Figure Kotori Minami
406,Bandai Tamashii Nations S.H. Figuarts Zero Megaman Zero Model Kit
407,Elenco Breadboard with 830 Tie Points - 9425
408,"Rubie's Marvel: Avengers Endgame Child's Captain America Costume & Mask, Medium"
409,DreamWorks Trolls Biggie Talkin’ Troll Plush Doll
410,Buffalo Games - New York Twilight - 300 Large Piece Jigsaw Puzzle
411,"Hohner Kids MP383 Musical Shapes, 20 Piece, 3 Unique Shapes, Assorted Colors"
412,Rubie's Costume Co Baby Boys' Sonic Romper Costume
413,Steiff Harry Potter Plush Keychain
414,Inlaid Cribbage Box with Cards
415,"Vallejo Umber Wash, 17ml"
416,Redcat Racing BS213-017 Blackout Chassis
417,Fashion Angels Garbage Can of Sand Art Fun (12291) Makes 3 Sand Art Pendants For Ages 3 and Up
418,Ninja Division NAS Howl & Yip Board Game
419,"Fisher-Price Nickelodeon Shimmer & Shine, Dragon Rider Farnaz"
420,"Pyle Megaphone Speaker PA Bullhorn - with Built-in Siren 50 Watts Adjustable Volume Control & Record Function - Ideal for Football, Baseball, Cheerleading Fans, Coaches or for Safety Drills PMP58U"
421,"Creativity Street Round Beginner Paint Brushes, 10 Pack (AC5137)"
422,EuroGraphics (EURHR Backyard Fun Dog by Gary Patterson 300Piece Puzzle 300Piece Jigsaw Puzzle
423,Learning Resources Attribute Beads Set
424,Licenses Products DC Comics Originals Batman Logo Wristband
425,"Aurora 10817 8"" Tiger Plush Toy, Small, White"
426,"Inflatable MegaMorph Fat Suit Costume For Adults And Children, Available in Various Designs"
427,"Aurora World Plush Graduation Bear, White Cap, 8.5"""
428,Bloco Toys Inc The Chimpanzee
429,Tachikara T-Rope Tetherball Attachment Rope
430,"Lunchskins LS4-TOTE-STRIPE-NAV Reusable Tote, Navy Blue Stripe"
431,EuroGraphics 5425 Frida Portrait Puzzle (1000 Piece)
432,Entertainment Earth Guardians of The Galaxy Groot Tiki Totem Action Figure
433,"Loftus SW-0249 4 Pc Classic Wooden Games in A Tin Set, 6 inches Long, Brown"
434,"Hampton Nautical Red Painted Lifering with White Bands, 20"""
435,"Aurora 8"" Pink Unicorn"
436,Harry Potter Ron Weasley Yule Ball Doll
437,"LeapFrog Learning Friends 100 Words Book, Green"
438,"Learning Resources Dino Math Tracks Game, Place Value, Counting, Addition and Subtraction Dinosaur Game, Ages 6+"
439,"Star Wars Child's Boba Fett Costume, Medium"
440,Kid's Cowboy Wall Vinyl Sticker Growth Chart 2ft - 5ft - Black
441,LOL Surprise Fashion Tape Dress by Horizon Group USA
442,"Melissa & Doug Star Diner Restaurant (Play Set & Kitchen, Wooden Diner Play Set, Two Play Spaces in One, 35"" H x 23"" W x 43.5"" L, Great Gift for Girls and Boys - Best for 3, 4, 5 Year Olds and Up)"
443,Elenco Line Tracking Robot Kit
444,Nerf Sports Pro Grip Football (blue football)
445,Lord of the Rings LCG: The Road Darkens
446,Rubie's Costume Co Cleopatra Headpiece-Mesh Costume
447,"""Happy New Year"" Silver Plastic Bling Necklace | Party Accessory, 6 Ct"
448,"Marvel Avengers 2-In-1 Muscle Chest Hulk/Captain America Deluxe Costume, Small"
449,"Edushape Hand Drum Musical Toy, Multicolor"
450,Style Me Up! Candy Pop to Go Cupcake Purple
451,Rise of The Teenage Mutant Ninja Turtle Donatello Side Flip Ninja Attack Deluxe Figure
452,DJECO Batasaurus
453,"Edupress Common Core Task Cards, Language, Grade 6 (EP63354)"
454,BathBlocks STEM Floating Construction Set
455,"Beistle 50354 Party Supplies, 8"" x 5½"" x 5½"", Multicolored"
456,COBI Historical Collection Battleship Tirpitz
457,Create-A-Scene Magnetic Playset - Dinosaurs
458,Star Trek Frontiers (Star Trek Themed Mage Knight) Board Game
459,Small World Toys Fashion - Bead Gallery Craft Kit
460,"Neon Super Hero Mask, Party Accessory"
461,Tamiya 14137 1/12 Street Motorcycle Rider Plastic Model Kit
462,The Meeples Board Game Addict T-Shirt
463,Barbie Complete Looks Wonder Woman Fashion FXK83
464,Rubie's Women's Batman v Superman: Dawn of Justice Wonder Woman Costume Top
465,CMON Bloodborne
466,"DII Collapsible Polyester Storage Basket or Bin with Durable Cotton Handles, Home Organizer Solution for Office, Bedroom Closet, Toys, Laundry, Large, Aqua"
467,ERTL Big Farm Logging Truck with Pup Trailer & Logs
468,"Jada Toys Fast & Furious Brian's Ford F-150 SVT Lightning, 1:24 Scale Die-Cast Vehicle, Red"
469,Lord of The Rings Bilbo Baggins Sword
470,California Costumes Toys Little Mermaid Costume
471,"Creative Co-op Green & Grey Plush Dinosaur Rattles (Set of 3 Styles) Toys, Green"
472,Shopkins Season 8 USA Hotdog Stand Playset
473,"Kinetic Sand, Sandisfying Set with 2lbs of Sand & 10 Tools, for Kids Aged 3 & Up"
474,"Rubie's Marvel Avengers: Infinity War Deluxe Teen Groot Child's Costume, Medium"
475,AMERICAN GREETINGS Rainbow Latex Balloons| Pack of 20 | Party Decor
476,Lippert Components 287298 500:1 Motor - High Torque
477,"Airfix Quickbuild A01304V Air fix Vintage Classics Churchill MK VII Tank 1, 76 Military Ground Vehicle Plastic Model Kit, Gray"
478,Disney Pixar Cars Deluxe Van Scanlane
479,Rubie's Costume Co. Women's Full Length Hooded Cape with Tulle Overlay
480,Smith Safety Gear Leopard Elbow Pads
481,World of Nintendo Mario Bros U Boo Plush
482,amscan Antler Glitter Plastic Fun Shades | Christmas Favor
483,Disguise Yellow Ranger Beast Morpher Deluxe Girls' Costume
484,"HQ Flowtail Delta 600 XL- 79 Inch Single - Line Sport Kite, Color: Rainbow - Active Outdoor Fun for Ages 12 and Up"
485,Harry Potter 9 & 3/4 Platform Soft Touch Magnet
486,J Concepts 0311 Finnisher - RC8T3/RC8T3E Clear Body
487,Rubie's Costume Co - Batman Child Gauntlets
488,"Cyalume 9-2705101, 12"" SnapLight LightStick Industrial Grade, Green, 12 Hour Duration (Case of 25)"
489,Folkmanis Amazon Parrot Hand Puppet
490,"Berenguer Boutique 15"" Soft Body Baby Doll - Blue 10 Piece Gift Set with Open/Close Eyes- Perfect for Children 2+"
491,"RoyalBaby Space Shuttle Kids Bike for Boys and Girls, 14 16 18 Inch Magnesium Bicycle with 2 Hand Disc Brakes, Child's Cycle with Training Wheels or Kickstand, Black White Purple"
492,Forum Novelties Combat Hero Medals
493,"SunWorks PAC6525 Construction Paper, 11 Assorted Colors, 9"" x 12"", 300 Sheets"
494,"Disney/Pixar Zootopia 'Bunny Ears' 3 Piece Sheet Set, Twin"
495,Safavieh Castle Gardens Collection Dragon Coin Antique White Glazed Ceramic Garden Stool
496,Pitsco Laser-Cut Basswood T-Bot II Hydraulic Arm with Challenge Set
497,Tamiya 35157 1/35 U.S. Marine M60A1 Tank Plastic Model Kit
498,Redcat Racing BS903-089 2 X 10 Pin (12Piece)
499,"Blaze and the Monster Machines Value Pack Foil Swirl Decorations, Party Favor"
500,Utah Playing Cards
501,Folkmanis Mini Goldfish
502,HANSA Snuggles The Bear Plush
503,"BePuzzled Original 3D Crystal Jigsaw Puzzle - Rapunzel Disney Tangled Brain Teaser, Fun Decoration for Kids Age 12 and Up, Purple, 39 Pieces (Level 1)"
504,RoomMates Flower Power Peel and Stick Border
505,"Amscan 399056 Supplies Camouflage Rubber Bracelet, Party Favor, Pack of 6"
506,Hape Wooden Railway Big Engine Shed Train Set
507,Adventure Time Card Wars Sleeve Jake
508,"Modern Home Toy, 32"", Green"
509,Redwood Ventures Foodie Surprise Yolkies Surprise Egg
510,Forum Novelties Men's Deluxe Adult Top Hat
511,"Forum Novelties 77749 Kids Colonial General Costume, X-Large, Pack of 1"
512,INNOBABY TEETHIN' Smart Birthstone Ring TEETHER - March (Aquamarine)
513,Forum Novelties Inc - Mens Boogie Down Shirt
514,Celtic Dice Bag Board Game
515,"Burton & Burton 260Q Neon Green Pencil Balloons, Pack Of 100"
516,"E-flite Propeller 12 x 4E: VisionAire, EFLP12040E"
517,"Disney KCSEHEA Flip Sequin Heart Keychain 3-4"", Multicolor"
518,"Gigantosaurus Rocky Plush Dinosaur Mini Figure, Super Soft & Cuddly Plush, Stands 7"" Tall, Perfect for Playtime & Naptime! for Kids Ages 12 Months & Up"
519,RoomMates Fire Brigade Peel and Stick Wall Decals
520,Scrabble Junior Game
521,Redcat Racing 28003 Ni-Ch 7.2V 1100mAh Battery
522,Prism Bora Single-line Parafoil Kite
523,"Funko 32751 Pop Movies: Fantastic Beasts 2- Newt (Styles May Vary), Multicolor"
524,"Decorol 101208 Flame Retardant Paper, White"
525,Sun-Staches Costume Sunglasses Kids Princess Belle Princess Party Favors UV400
526,Ultimate Guard Katana Sleeves Standard Size Red (100)
527,Yummy World
528,Razor Jr. Lil' E Scooter
529,Application Misfits Crystal Lake Skull Patch
530,VTech Go! Go! Smart Wheels Spinning Spiral Tower Playset
531,Lionel Mega Tracks - Corkscrew Chaos Green Engine
532,L.O.L. Surprise! Biggie Pet- D.J. K9
533,My Little Pony Mane Pony Rainbow Dash Classic Figure
534,Kid Casters No Tangle Rods
535,#40 Celebration Candle | White/Red | Party Supply
536,"Plus-Plus BIG - Preschool Construction Building Toy, Open Play Set - 50 Piece - Basic Color Mix"
537,"Transformers Toys Studio Series 52 Deluxe Revenge of The Fallen Movie Arcee Chromia Elita-1 Action Figure 3 Pack, 4.5"""
538,Steiff National Geographic - Chinchi Chinchilla
539,"Aurora World Fantasy Unicorn Plush, One Size, Purple / Pink / White"
540,"Losi Forward Only Transmission Conv Kit: LST/2, XXL/2, LOSB3130"
541,"Fashion Angels Hair Chox Set (12167), Hair Chalk Gift Set, Temporary Hair Color"
542,Disney Minnie Mouse Roadster Racer Toddler Girls' Costume
543,ALEX Spa Fab Foil Tattoos Pink
544,Aquarius Marvel Black Panther Retro Playing Cards
545,Disney Ariel PVC Figure Keyring
546,"FAO Schwarz Chalk Mandala Set with Assorted Washable Sidewalk Chalk Sticks & Stencils, Set of 38"
547,Carrera Race Spectators - Set of 15 Detailed Fans - 1:32 Scale Figures - Realistic Scenery Accessory for Slot Car Track Sets
548,"Aurora Rattlesnake Plush, Green"
549,Rhode Island Novelty Monkey Bean Filled Plush Stuffed Animal
550,Vallejo Game Air Warlord Purple Paint
551,"Orbrium Toys Short Curved Switch Tracks for Wooden Train Railway Fits Thomas Brio Chuggington Melissa Doug Imaginarium, Set of 8"
552,"Mudpuppy Animals of the World Coloring Roll – Age 3+ - 10 Feet of Creative Coloring Fun – Includes 6 Crayons – Animal Paper Roll Easy to Store, Take on the Go – Great for Individual or Group Coloring"
553,"Simplicity Creative Group, Inc Boye Learn to Crochet Beginners Kit, 16 Projects"
554,in The Line of Duty Child Costume
555,Mastercraft Collection F-22 Raptor Model Scale: 1/48
556,Duncan Toys Despicable Me Giggling Yo-Yo Toy
557,Mudpuppy Cats Locked Diary
558,Funko Dorbz: Assassin's Creed - Edward Action Figure
559,"Forum Novelties Party Supplies 80407 Plush Monkey Child's Mascot Costume, Medium"
560,"Heroes of Goo Jit Zu 41012 S1 Ultimate Hero Pk, Multicolor"
561,FATHEAD AH-64 Apache Longbow Helicopter Real Decals
562,Pacon Blank Flash Cards - 2 x 3 - Pack of 1000 - Manila
563,"Blue ""You're Invited"" Sweet Safari Invitation Postcards"
564,Sesame Street Abby Cadabby On the Go Case
565,Ceaco Perfect Piece Count Puzzle - Roger Nannini - Acme Flying School
566,Disney Tangled Rapunzel Secret Journal Toy
567,Pressman Harry Potter Tri-Wizard Tournament Game
568,Osmo - Detective Agency: A Search & Find Mystery Game - Ages 5-12 - Explore The World - for iPad and Fire Tablet & 2 Hands-On Learning Games - Creative Drawing & Problem Solving/Early Physics
569,"The Kids Room by Stupell Yellow Dump Truck with Blue Border Stretched Canvas Wall Art, 16 x 20, Multi-Color"
570,Little Tikes Big Digger Sandbox
571,Disney/Pixar Cars Lightning McQueen with Sign Vehicle
572,"Wildkin 5 Pc Bedding, Twin, Heroes"
573,DC Comics Deadshot Suicide Squad Pewter Lapel Pin Action Figure
574,My Little Pony Friendship is Magic Fluttershy Soft Plush
575,White Mountain Puzzles General Store - 1000 Piece Jigsaw Puzzle
576,Sweet Jojo Designs 3-Piece Bear Mountain Watercolor Boy Full/Queen Kid Childrens Teen Bedding Comforter Set
577,Ceaco Emoji Partytime Puzzle (300 Piece)
578,Kid Galaxy Remote Control Bumper Cars. RC 2 Player Game. 2 Cars and 2 Controllers Included
579,"Amscan Party Supplies, Multicolor"
580,"Edupress Mathological Liar Game, Grade 6 (EP63399)"
581,Funko Pop! Star Wars: Rise of The Skywalker - Knights of Ren Club (Hematite Chrome)
582,"Great Eastern GE-7044 Ouran High School Host Club - 15"" Kuma-chan Bear Plush"
583,Air Hogs 2-in-1 Hyper Drift Drone for High Speed Racing and Flying - Green
584,"Learning Resources Jumbo Reptiles & Amphibians I Tortoise, Gecko, Snake, Iguana, and Tree Frog, 5 Animals"
585,Learning Advantage QUIZMO Addition & Subtraction - Bingo-Style Math Game for Kids - Help Your Child Learn Essential Elementary Skills
586,Daron FDNY Ambulance with Lights & Sounds 2019 New
587,"Banpresto Dragonball Legends Collab-Goku-Black-, Multiple Colors"
588,Great Eastern Entertainment Dragon Ball Z - Goku vs. Frieza Sublimation Beanie Headwear
589,Tamiya Models M1A2 Abrams Model Kit
590,"Ravensburger The Saguenay Fjord Canadian Collection Canadienne 1000 Piece Jigsaw Puzzle for Adults – Every piece is unique, Softclick technology Means Pieces Fit Together Perfectly"
591,Marvel Legends Deadpool’s Rainbow Squad 5-Pack
592,Rubies Batman The Brave and Bold Flashlight and Batarang Kit
593,MightySkins Skin Compatible with Yuneec Q500 & Q500+ Quadcopter Drone wrap Cover Sticker Skins Bandana
594,Far From Home Spider-Man New Suit Child Mask
595,"Bright Starts Sesame Street Snack & Stroll Cookie Monster Wooden Pull Toy, Ages 12-36 Months"
596,Fisher-Price Classic Changeable Picture Disk Camera
597,BEYBLADE Burst Starter Pack Betromoth B2
598,"PlayWheels Teenage Mutant Ninja Turtles Roller Skates with Knee Pads, Green/Blue, Junior Size 6-12"
599,"Creative Converting 8 Count Hot/Cold Cups, 9 oz, Metallic Webs"
600,Beados Season 7 Shopkins Ice Cream Truck
601,"7-in-1 Combo Game with Chess, Ludo, Chinese Checkers & More"
602,"Dragon Ball Z GE-57756 Group Galaxy Throw Blanket, 46 x 60"""
603,Funko Pop! Disney: Aladdin Jasmine (Red) Collectible Figure
604,"Disney 96959 Toy Story Ball Pit, 1 Inflatable + 15 Sof-Flex Balls"
605,Harry Potter Sorting Hat
606,The Puppet Company Full-Bodied Animal Hand Puppets Bear
607,"Rubie's Men's Star Wars Collector Stormtrooper Collectors Helmet, Multi, One Size"
608,DECOPAC Hot Wheels Drift DecoSet Cake Topper
609,"Glitter Girls by Battat - Convertible Car for 14"" Dolls - Toys, Clothes & Accessories for Girls 3-Year-Old & Up, Blue, Orange, Pink"
610,JumpSport SkyBounce Trampoline with Safety Enclosure | Includes Spring Pad
611,Pokemon SM12 Cosmic Eclipse Theme Deck- Groudon
612,DC Super Hero Girls: Teen to Super Life Supergirl Doll
613,Warmies Microwavable French Lavender Scented Plush Jr Clown Fish
614,Performance Tool W5220 200 pc Hex Washer Self Drilling Assortment
615,"J Concepts 3377B Tribute 2.6x3.6 Monster Truck Wheels with Adaptors, Black (1 Pair)"
616,"Dr. Ph. Martin's Radiant Concentrated Water Color, 0.5 oz, Set of 14 (Set B)"
617,"Wood Designs 24"" x 48"" Rectangle Hardwood Table with 29"" Legs"
618,Diamonsters
619,"Janlynn Cool Cord Friendship Bracelet Pack, Makes 100 Bracelets"
620,"WWE Dean Ambrose & Brock Lesnar Action Seried 43 B Figures, 2 Pack"
621,"Minnie Plush Toy, 25"""
622,"Waving Flag Party Table Cover, 54"" x 96"""
623,"Vallejo Acrylic Paint, Khaki"
624,amscan Cape Hooded Black Child
625,"Liontouch 316LT Medieval Noble Knight Satin Toy Cape For Kids, Blue | Part Of A Kid's Costume Line"
626,Hot Wheels Blastin' Rig Vehicle
627,"MasterPieces Memory Lane Lakeside Memories Cabin Lake Large EZ Grip Jigsaw Puzzle by Alan Giana, 300-Piece"
628,Roces Icon Fitness Inline Skate
629,Shomer-Tec Special Ingredients Purple Rain Powder
630,Airfix Douglas A-4B/Q Skyhawk 1:72 Vietnam War Military Aviation Plastic Model Kit A03029A
631,DC Fix 334-0025 Phantom Premium Window Film
632,"Oopsy Daisy Growth Charts Robots and Rockets Navy by Finny and Zook, 12 by 42-Inch"
633,Rubie's Costume Co Deluxe Native American Headdress
634,NECA - Nightmare on Elm Street Part 3 - 8” Clothed Action Figure - Tuxedo Freddy
635,"Chessex CHX27449 Dice-Festive Set, Rio/Yellow"
636,"Ultra Pro Super Thick 260PT Toploader 10ct Pack 85238, One Size, Multi"
637,"Relevant Play Constructive Playthings DEL-4 Blue Shape It! Sand 5 lb. Box 10.9"" L. x 2.4"" W. x 7.5"" H."
638,"Aurora World Off White Love Bear Plush Animal, Multicolor, 11.5"""
639,"amscan Super Mario Brothers Tattoos, Party Favor, 192 Ct."
640,"Hey! Play! Coffee Maker Toy Set- Pretend Kitchen Appliance for Play Espresso or Cappuccino Coffee Shop, Single Serve Brewer for Boys and Girls"
641,White Mountain Puzzles Craft Room - 1000 Piece Jigsaw Puzzle
642,DJI Smart Controller
643,Frozen Standing Stocking Olaf The Snowman
644,"Ginger Ray PO-407 Patchwork Owl Cake Bunting Decoration Party Topper, Mixed, 1"
645,"Amscam 129877 Soccer Plastic Pennant, 12' Banner, Multicolor"
646,Redline Acclaim 4.5’ Air Powdered Hockey Table with 110V Motor and Includes 2 Strikers and 2 Pucks
647,"Kryptonics Mini Cutaway Cruiser Skateboard - Complete 26"" Cruiser Board for Kids & Teens- Mermaids"
648,"GUND Pusheen Fancy and Unicorn Magical Kitties Plush Deluxe Keychain Clip, Multicolor, 8.5"""
649,Get Ready Kids 12' Play Parachute
650,Play Circle by Battat – Making Dinner for Eight Cookware Set – 21Piece Kids Play Pots & Pans Set – Pretend Play Kitchen Set for Kids Age 3 Years & Up
651,My Little Pony Shining Friends Pinkie Pie Figure
652,"amscan Party Decorations, Pearlized Place Cards, Party Supplies, White, 4"" x 4"", 50ct, Ivory"
653,DC Artists Alley: Catwoman by Sho Murase (Holiday Variant) Designer Vinyl Figure
654,Trends International NFL Atlanta Falcons HG - Mobile Wallet
655,Rubie's Costume Reel F/X Acid Eye Socket Wound Kit
656,"Disney Pixar Cars Character Car Dexter Hoover & Charlie Checker Vehicle, 2 Pack"
657,Mega Brands POK Power PK Kadabra
658,Plates | Superstar Ball Sports Collection | Birthday | 144 Ct.
659,"Amscan 453437 Plush Bear, 7"", White"
660,DC Superhereos Supergirl Nail Art Kit
661,Dark Horse Deluxe Frank Frazetta The Destroyer Magnet
662,"MightySkins Skin Compatible with DJI Mavic Pro Quadcopter Drone - Nighttime Skulls | Protective, Durable, and Unique Vinyl Decal wrap Cover | Easy to Apply, Remove | Made in The USA"
663,Funko Pop! Animation: Disenchantment - Luci
664,"Furnish my Place 740 Numbers 5X7 Kids ABC Educational Alphabet Letter Anti Skid, 4'5""X6'9"", Multi/Color"
665,Graupner JST EH to JST XH 4S Board
666,Bigjigs Toys Stacking Cubes
667,"Ravensburger The Zoo My First Frame Tray 14 Piece Jigsaw Puzzle for Kids – Every Piece is Unique, Pieces Fit Together Perfectly"
668,Infantino Turtle Mirror Pal
669,Play-Doh Tootie The Unicorn Ice Cream Set with 3 Non-Toxic Colors Featuring Color Swirl Compound
670,"Lionel Trains - Looney Tunes Ambush Shack (Plug-Expand-Play), O Gauge"
671,Rage RC C1070 20T Pinion Gear: R10ST
672,"Woody Classic Toy Story 4 Child Costume, M (7-8)"
673,Sago Mini - Walk &-Play Finger Puppets for Ages 3 and Up
674,"8-Count Child-Sized Party Hats, Lum-Bear-Jack"
675,Rec-Tek Over the Door Skeet Hunt Game for Kids - Features Easy Assembly and Easily Adjustable Height - No Tools Required
676,Funko Pop! Disney: Lion King Live Action - Simba
677,"Webster's Pages CM5131 Variety Cameo Accent, Party Time, 5-Pack"
678,NCAA West Virginia Mountaineers Toy Puzzle Cube
679,TeeTurtle Reversible Llama Mini - Black/Gray Plush Toys
680,"Nino Percussion NINO-NS355 14-Inch Cymbal with Holding Straps, Nickel Silver"
681,Redcat Racing 16T/.6 Module Brass Pinion Gear
682,Poolmaster Smash 'n' Splash Water Paddle Ball Swimming Pool Game
683,"NCAA Diztracto Fidget Spinnerz - 3 Way, Virginia Tech Hokies, One Size"
684,"MasterPieces The Right Fit Kids Jigsaw Puzzle, 101 Things to Spot in the Woods, Tillywig Top Fun Award, 101 Piece, For Age 6+"
685,Bachmann Industries Ringling Bros. and Barnum & Bailey 40' Box Car 33 Tiger O Scale Train
686,Disney Frozen Elsa Fashion Doll Inspired by Frozen 2
687,"Melissa & Doug 52 Wooden Alphabet Magnets in a Box (Developmental Toys, Sturdy Wooden Construction, 52 Pieces, Great Gift for Girls and Boys - Best for 3, 4, 5, and 6 Year Olds)"
688,"Education Outdoors Fawn Pet Pod, One Color, One Size"
689,Disney Tangled Princess Rapunzel Figure Soft Touch PVC Key Ring Key Accessory
690,Licenses Products Pink Floyd - Dark Side of the Moon Rubber Keychain
691,Funko Supercute Plush: Stranger Things Eleven Collectible Plush
692,"""PAW Patrol Adventures"" Blue Party Favor Plastic Cup 16 Oz."
693,Funko POP! Star Wars: The Last Jedi - BB-9E - Collectible Figure
694,Swimline Side by Side Pool Lounger Float
695,"Sweet Jojo Designs 3-Piece Navy Blue, Aqua and Grey Aztec Mountains Boy or Girl Full/Queen Kid Childrens Teen Bedding Comforter Set"
696,Funko Pop! Animation: Speed Racer - Speed in Helmet (Styles May Vary)
697,"Edupress Cause & Effect Game, Red Level (EP60602), Package may vary"
698,Mastercraft Collection NASA Space Shuttle F/S Full Stack Discovery (L) Model Scale:1/100
699,Journey Girls Pet Grooming Playset (Amazon Exclusive)
700,"BuitenSpeel Toys GA194 Buddies Wooden Balancing and Stacking Game, Blue/Green/Purple"
701,Step2 Corvette Kids Room and Toy Organizer
702,Conan The Brigand
703,"Mudpuppy 15 Easy-to-Learn Tricks Magic Set, Ages 6 & Up"
704,"Melissa & Doug Wooden Construction Building Set in a Box (Developmental Toy, 48 Pieces, Great Gift for Girls and Boys - Best for 4, 5 and 6 Year Olds)"
705,"Melissa & Doug Let's Play House Fridge Fillers (Pretend Play Grocery Toys, 20 Pieces, Great Gift for Girls and Boys - Best for 3, 4, 5, and 6 Year Olds)"
706,"Childrens Factory Learning Carpet, Colorful"
707,TAMASHII NATIONS Bandai S.H.Figuarts Rashid Street Fighter V Action Figure
708,Girl's 1st Birthday Felt Novelty Headband
709,The Dead of Night
710,Firenze
711,"Funko Pop Animation: Pusheen - Pusheen Mermaid Collectible Figure, Multicolor"
712,EuroGraphics Volkswagen Groovy Bus Collage Puzzle (2000 Piece)
713,"Elenco Teach Tech “Air Screamer”, Compressed Air Powered Racing Vehicle, STEM Building Sets for Kids 10+"
714,Thanksgiving Make Your Own Headband Kit | Makes Up To 4 Headbands | Party Activity
715,Melissa & Doug Jigsaw Puzzles Set - Bugs and Dinosaurs (60 pcs)
716,"German fighter ""Messerschmitt"" Bf-109F4"
717,Banana Panda - Let’s Play Animal Bingo - Classic Kids Game for Ages 2 Years and Up
718,Funko Pop! Games: Overwatch Action Figure - Widowmaker
719,BANZAI Splish Splash Water Park
720,Rubie's Tennyson Ben10Ben Boys Costume
721,Hello Kitty Toy Wagon
722,"Glitter Girls Dolls by Battat - Candice 14"" Poseable Fashion Doll - Dolls for Girls Age 3 & Up"
723,"Branch Classic Trolls Costume, Multicolor, Small (4-6)"
724,Little Foot TPT That Purple Thang-
725,Chara-ani Fate/Apocrypha: Red Faction Lancer of Red Toy'sworks Collection Niitengo Premium Figure
726,Kangaroo Trading Bison with Latte Kids Recliner
727,Haunted House Children's Costumes Pirate Boy - Child's Large
728,Rhode island novelty - Inflatable Dragon
729,"Amscan AMI 37014.18 Party Supplies, 2.5 oz, Silver"
730,Hazelnut Chipmunk Family
731,"Swimline Lycra Floating Swim Trainer, Boys"
732,Hot Wheels Indy Car Shell & Wheels
733,"Beistle 50804-P Metallic Wrapped Balloon Weights, Set of 12."
734,"Big Joe , Lavender Polka Dot Classic Bean Bag Chair, Lavendar with White"
735,Dinotrux Bundle [Amazon Exclusive]
736,Melissa & Doug Personalized Vehicles Wooden Peg Puzzle with Sound Effects (8 Piece)
737,"The Kids Room By Stupell See You Later Alligator Animal Goodbyes Stretched Canvas Wall Art, 10 x 1.5 x 24, Proudly Made in USA"
738,"Wildkin Duvet Cover, Full, Dinosaur Land"
739,"SunWorks Construction Paper, Sky Blue, 12"" x 18"", 100 Sheets"
740,SUPERSOAKER Super Soaker Hydra
741,"Squish-Dee-Lish 5 Pack Slow-Rise Squishies, Series 3 - Pink Sea Shell, Blue Whale, Owl, Piñata, Blue Duck Bendable-Toy-Figures"
742,Great Eastern Entertainment Bleach Kisuke Hat
743,Folkmanis Raven Hand Puppet
744,"Jay Franco Episode 7 BB8 Medallion Decal Woven Jersey Sweatshirt Fleece Blanket Twin, 60"" x 90"", Star Wars EP7"
745,Star Wars Shoretrooper Classic Mini Bust
746,Shopkins Strawberry Kiss Lil' Characters Shades Instant Costumme Sunglasses
747,"Baby Doll Bedding Toddler Sheet, Red"
748,"Badger Basket Bamboo Beach Sandbox with Liner & Cover Sandbox with Cover & Liner, Natural/Green"
749,Dragonball Z Frieza Fools Snaback Hat Cool Anime Hat
750,Bright Starts Lots of Links Accessory and Baby Einstein Take Along Tunes Musical Toy
751,BathBlocks Bathtime Consruction Building Toy - Coast Guard Boat & Helicopter
752,"Tomy Stink Bomz Plush Toy, Ripper"
753,Official Nerf Zombie Strike 12-Dart Refill Pack
754,"Didax Educational Resources Number Sleuth, Grades 6-8"
755,"Thumbsup UK, Dog Mask, Costume, MRDOG"
756,Licenses Products Social Distortion Logo Magnet
757,Renegade Pirate Child Costume
758,Basic Fun Carmen Sandiego Handheld Electronic Game
759,"Kids Tech Robots, Lights Up, Battles Opposite Robot, Easy to Control & Small Enough to Carry, Suitable for Ages 6+, Remote Controlled Robots, Great Gift Idea"
760,Classic Wood Chess Set
761,Disney Elena of Avalor Deluxe Ball Gown Girls' Costume
762,"Funko Galactic Plush: Rick & Morty - Birdperson Collectible Figure, Multicolor"
763,"MerryMakers Henry & Leo the Lion Plush Doll, 15-Inch"
764,PJ Masks Catboy Medium Plush Basket
765,"Melissa & Doug Sunny Patch Giddy Buggy Bug House Toy with Carrying Handle and Easy-Access Door, Great Gift for Girls and Boys - Best for 3, 4, 5, and 6 Year Olds"
766,PLAYMOBIL Ghostbusters Firehouse
767,"The Puppet Company Snake Finger Children Toys Puppets,"
768,"Swing Set Stuff Children's Steering Wheel with SSS Logo Sticker, Blue"
769,Ravensburger Mama Knows Best 1000 Piece Jigsaw Puzzle
770,Funko Pop! Directors: Ava DuVernay
771,"Anna Classic Costume, Small (4-6x)"
772,SCHLEICH Monster Octopus w/ Weapon
773,Crocodile Creek Eco Kids Reusable Jungle Jamboree Lime Green Sandwich Keeper Eco Kids Sandwich Keeper
774,"Hedstrom Marvel Spider-Man 36"" Bop Bag, Multicolor"
775,"Hape E3461 Wooden Doll House Furniture Playground Set And Accessories Doll House Accessories,"
776,Pokemon TCG: Poke Ball Tin Red - 3 Booster Pack with 1 Coin
777,"amscan WWEParty Container, Party Favor"
778,"Minnie Happy Helpers Sparkle N' Clean Vacuum, Pink"
779,Basic Fun Fisher-Price Play Tape Recorder
780,MasterPieces Time Away Sunset Ritual - Lake & Mountains 1000 Piece Jigsaw Puzzle by Dominic Davidson
781,Eureka Peanuts Summer Fun Paper Cut Outs
782,"Losi 8IGHT Screw/Nut Assortment Box, LOSA6140"
783,"Buffalo Games - Vivid Collection - Leopard Jungle - 1000 Piece Jigsaw Puzzle, Multicolor"
784,"Pokemon 2 Inch Battle Action Figure 2-Pack, includes 2"" Rowlet and 2"" Litten"
785,CHROMA 000914 914 Hello Kitty Plush Auto Ornament
786,Pacific Rim: Extinction - Starter Set
787,Ingenio Magic Opposites Flash Cards
788,Swing Set Stuff Climbing Rope with Steps (Blue) & SSS Logo Sticker
789,"Clank!, Base"
790,Franklin Sports 6 Hole PVC Bean Bag Toss Game
791,Creative Playthings Chin Up Bar
792,American Greetings Finding Dory Party Treat Bags (8 Count)
793,Cardline Globetrotter
794,"Ontel Magic Tracks The Amazing Racetrack That Can Bend, Flex and Glow - As Seen On TV"
795,"Sweet Jojo Designs Blush Pink, Grey and White Watercolor Elephant Safari Girl Twin Kid Childrens Bedding Comforter Set - 4 Pieces"
796,Board Games and Beer T Shirt For Gamer and Drinker
797,Deluxe 1.75-in Thick Cool Pool Float - Aqua
798,Bear Valley Board Game
799,Crazy Bonez Gothic Lantern
800,Ben 10 Armored Heatblast Figure
801,"Melissa & Doug Created by Me! Pink Wooden Flower Jewelry Box Craft Kit - The Original (Great Gift for Girls and Boys – Best for 4, 5, 6, 7 and 8 Year Olds)"
802,Legendary A Marvel Deck Building Deadpool Expansion Board Game
803,Carson Dellosa Funky Frogs Shape Stickers (168122)
804,Markwort Lite Weight and Weighted Leather Baseball
805,Who’s That Girl 21-Piece Dress up Trunk [Amazon Exclusive]
806,WWE Randy Orton Elite Collection Action Figure
807,K2 Skate Men's MOD 110 Inline Skate
808,Vallejo Game Air Sombre Grey Paint
809,"Redcat Racing 88049-BL Pickup Truck Body (1/10 Scale), Black/Blue"
810,"Crayola Glitter Glue Bulk, 20 Count Classpack, Washable Craft Glue, 5 Assorted Colors"
811,"TOMY John Deere Big Scoop Tractor Toy, 21-Inch"
812,"LANG - 500 Piece Puzzle -""Magical Evening"", Artwork by Laura Berry - Linen Finish - 24” x 18” Completed"
813,Disney Sofia The First Mermaid Magic Princess Sofia Doll
814,"PJ Masks PJ Seeker with Bonus Catboy, Owlette and Gekko Figures - Amazon Exclusive Mailer"
815,"Team Associated 1658 Factory Team Hex Driver Bit, 1/16"""
816,"Hygloss Products Blank Community Puzzle - Create-A-Size - Fun Group Activity - Great for Parties, Weddings, Classroom, Office & More - 84” x 44” - 200 Center Pieces - 200 Guests"
817,Creative Converting Congrats Grad Accordion Glitter Centerpiece
818,Little Tikes Bubble Lawn Mower
819,"Amscan Party Perfect Round Latex Balloons Decoration, 4 Pieces, Made from Latex, Yellow Sunshine, 24"" by"
820,"Dynamite Gold Bullet Connector Set, 6.5mm (10), DYNC0092"
821,Jada Toys Hello Kitty Jet Plane Play Set
822,"Funko Pop! Marvel: Max Venom - Groot 10"""
823,"Aurora World 8"" Sting Ray Toy"
824,"Stephen Joseph Floor Puzzle, USA"
825,"Learning Resources New Sprouts Complete Play Food Set, 50 Pieces"
826,"Funko Plush: Cuphead - King Dice Collectible Figure, Multicolor"
827,"Eureka Dr. Seuss Thing 1 Paper Cut Outs for Schools and Classrooms, 36 pieces, 5.5"" W x 5.5"" H"
828,Ceaco Perfect Piece Count Puzzle - Thomas Kinkade Disney Dreams Collection - Beauty and the Beast
829,Forum Novelties Princess Party Sash
830,K2 Skate Alexis 84 Boa Inline Skate
831,"Great Eastern Entertainment The Seven Deadly Sins - Hawk Collectible Plush Toy, 5"""
832,LEGO The Powerpuff Girls Mojo Jojo Strikes 41288 Building Kit (228 Pieces)
833,Adventure Planet Plush - MAKO Shark ( 20 inch )
834,"Sunny toys 38"" Large White Unicorn Marionette"
835,PLAYMOBIL How to Train Your Dragon III Astrid & Hiccup
836,Sax True Flow Water Soluble Block Printing Ink - 8 Ounce Jar - White
837,Brainstring Retro Brainteaser Puzzle
838,"RPM Lower Spring Cups for HPI Savage, Savage-X, E-Savage and Most Losi & Traxxas Shocks, Black"
839,"Gorilla Playsets 01-0004-TS-2 Frontier Wooden Swing Set with Sunbrella Canvas Canopy, Timber Shield Posts, Slide and Tire Swing"
840,Popular Playthings Mix or Match Vehicles 2 Kit
841,"HearthSong Animal Jump-Along - Green Triceratops - 23"" L X 8"" W X 16"" H"
842,Square Enix Dragon Quest XI: Sylvando & RAB Action Figure Set
843,PlayMonster Wonder Crew Adventure Pack - Firefighter Toy
844,GreenPro 61 Key Portable Electronic Piano Keyboard LED Display with Adjustable Stand and Music Notes Holder
845,"Lush Décor Race Cars 2 Piece Reversible Quilt Kids Bedding Set, Twin, Blue/Orange"
846,The New York Doll Collection Dolls Jogging Stroller - Pink Hearts Designed Jogging Stroller for Dolls
847,Hey! Play! 80-HJD931204 Wooden Musical Toy
848,Rubie's Costume Co - Marvel Avengers Infinity War Child Hulkbuster Gloves
849,Far Out Toys Pulp Heroes Snap Bots Star Wars 2-Pack (Boba Fett + Chewbacca)
850,Vallejo Game Air Plate Mail Metal Surface Primer Paint
851,Kotobukiya Touken Ranbu-Online- Shokudaikiri Mitsutada Figure
852,"Mech-X4 5"" Robot & Battle Submarine Dual Pack"
853,Bachmann Trains Thomas And Friends - Thomas The Tank Engine With Moving Eyes
854,"Mudpuppy Unicorn Magic to Go Puzzle, 36 Pieces, Ages 3+, Travel-Friendly Bag, Made with Safe, Non-Toxic Materials"
855,Forum Novelties Child's Disco Costume Jumpsuit
856,"NewPath Learning 10 Piece Science Genetics and Heredity Curriculum Mastery Flip Chart Set, Grade 6-10"
857,"Plum Azur Lane: Ijn Yamashiro 1: 7 Scale PVC Figure, Multicolor"
858,Battat – Light & Sound School Bus – School Bus Toy Vehicle for Toddlers 18 Months + (6Pc)
859,Shrinky Dinks Shrinky Dinks DIY Keepsakes Project Pack Kids Art and Craft Activity
860,Edushape Mini Golf Garden Party Game
861,Green Toys Fire Engine
862,Pop A Zit Game
863,Daron Skymarks Etihad 787-9 Airplane Model (1/200 Scale)
864,"hand2mind STEM in Action, Coding Robot Mouse Classroom Set, Learning Activities Exploring Basic Needs of Animal As Students Code & Program, Life Science Lesson, STEM.org Authenticated"
865,HANSA Burrowing Owl Plush
866,"Whitmor Kids Canvas Collapsible Cube-10 x 10 x 10 inches, Pink, Owl Collection"
867,WWE Wrestlemania Elite Kevin Owens Figure
868,Enchantimals Huggable Cuties Felicity Fox Doll & Flick Figure
869,"Zvezda 7027 - Airliner Boeing 737-700/C-40B - Plastic Model Kit Scale 1/144 109 Parts Lenght 9"""
870,"Amscan Party Supplies Sparkling Celebration 30th Birthday 9"" Round Prismatic Plates - 8 count"
871,Folkmanis Polar Bear Cub Hand Puppet
872,Power Trains Car Pack: Space
873,"Pacific Play Tents Tri-Color Dome Tent and Tunnel, 2 Piece Bundle, 48” x 48” x 42” Tent and 6 Foot Tunnel"
874,Great Eastern Entertainment Sonic The Hedgehog Sonic & Amy Hinge Wallet
875,"Precious Moments Dolls by The Doll Maker, Linda Rick, A Small Child Shall Lead Them, 12 inch Doll"
876,Quest Scooby Doo Trap Time Deluxe Mystery Machine
877,Scalextric Jaguar E Type Union Jack 1:32 Slot Race Car C3878
878,HydroTools by Swimline Clear Weighted Triangle Pool Vacuum Head
879,"Lamaze Disney Lion King Clip & Go, Simba Baby Toy"
880,Rubie's DC Superheroes Tutu Skirt
881,"Rubik's Cage Game, Head-to-Head Brain Teaser Strategy Game Based On The Rubik’S Cube for Ages 7 & Up"
882,FanWraps Fallout 4 Vault-Tec Weathered Tin Tote Replica
883,"Rubie's Costume Co Women's Teenage Mutant Ninja Turtles Classic Michelangelo Eye Mask, Orange, One Size"
884,Daron Worldwide Trading Postage Stamp USN E-2C Hawkeye 1/145 Vaw-116 Sun K Airplane Model
885,"Aurora World 18"" Princess Sparkles - Angela, Multicolor"
886,Hape Polym Construction Site | 43Piece Building Brick Forklift Bulldozer Toy Set with Figurines & Accessories
887,Whitmor Frog Collapsible Cube
888,Smugglers Family Board Game
889,Late for the Sky Boston-opoly
890,Trend Enterprises Trend School Days Sparkle Sticker Variety Pack - Set of 648 - Assorted Colors - T63909
891,"Fisher-Price Nickelodeon Shimmer & Shine, Teenie Genies Multi-Pack, Season 3 #5"
892,"Fisher-Price Thomas & Friends Wooden Railway, Deluxe Over-The-Track Signal - Battery Operated"
893,Wonder Crew Superhero Buddy - Marco
894,Uncanny Brands Star Wars Darth Vader Elite 2-Slice Toaster- Star Wars Icon Logo onto Your Toast
895,Trend Lab Unicorn Moon Jumbo Deluxe Flannel Swaddle Blanket
896,"Snuggie Tails Allstar Innovations Mermaid Blanket for Kids (Pink), As Seen on TV"
897,Power Trains Military Helicopters Engine Pack
898,"Play-Doh E2930 Buzz 'n Cut Fuzzy Pumper Barber Shop Toy with Electric Buzzer and 5 Non-Toxic Colors, 2-Ounce Cans"
899,"GUND Jolly Santa Stuffed Plush, 7"""
900,Revell SnapTite 2017 Ford F-150 Raptor Pick Up Truck Model Kit
901,"MasterPieces Cruisin' Route 66 Jigsaw Puzzle, Phil's Diner, Featuring Art by Bruce Kaiser, 1000 Pieces"
902,AMAV Sweet Tarts Ice Pops Maker Toy - DIY Make Real Popsicles - Best Activity for Friends to Do Together - Perfect Present for Kids Aged 4+
903,"LEGO City Garage Center 60232 Building Kit, New 2019 (234 Pieces)"
904,"Fisher-Price Little People Noah's Ark, Frustration Free Packaging"
905,"Union Creative Hyperdimension Neptunia: Black Heart (Dress Version) PVC Figure, Multicolor"
906,"Disney Monster's Inc. Mike Wazowski Round Decorative Pillow, Green/Green/Blue/White"
907,"Crayola Washable Palm Grasp Crayons, Amazon Exclusive, 9ct, Toddler Toys, Gift"
908,Breyer Freedom Series (Classics) Racing The Wind | Horse and Foal Toy Set | 1:12 Scale | Model #62208
909,"Colorflame Birthday Candles With Colored Flames - Birthday, Party, Cake Decor - 12 Candles Per Box"
910,Spot It! (Color/Packaging May Vary)
911,"MasterPieces Inspirational Jigsaw Puzzle, The Last Supper Panorama, Featuring Art by William T. Ternay, 1000 Pieces"
912,VTech Scoop & Play Digger
913,Snow Time
914,Automoblox T900 Rescue Truck
915,"HearthSong Children's Potholder Hook and Loop Kit - Includes 115 Non Fading Cotton Loops, Loom, and Weaving Hook - Multi-Colored - DIY Arts and Crafts for Kids - 7.5'' Sq"
916,Playcraft Woodbridge Shuffleboard Table
917,"Poolmaster Los Angeles Lakers NBA Swimming Pool Float, Giant Mattress"
918,"TCG Toys 20Q Sport, Gold/Silver"
919,Coloring Books Ella Drawing Book
920,"LEGO Star Wars Resistance Y-Wing Microfighter 75263 Cool Toy Building Kit for Kids, New 2020 (86 Pieces)"
921,Balloon Fisher King 400 Multi-Clip Pro Pack
922,"E-flite Landing Gear Set with Float Wire Screws: UMX Timber, EFLU3954"
923,"Forum Novelties 80044 Princess Kit-Like 79515, Standard, One Size, Pink"
924,"Stephen Joseph Wallet, Woodland"
925,Disney Frozen 2 Oversized Coloring Book with Paint Palette and Paintbrush 45815
926,"Cuddle Me Luxury Plush, Fox, Brown"
927,Minecraft Comic Maker Wolf Action Figure
928,Bigjigs Rail Wooden Five Way Engine Shed - Other Major Rail Brands are Compatible
929,Blue Orange Games Vroom Vroom Award Winning Wooden Skill Building STEM Counting Game for Kids
930,"LeapFrog Dino's Delightful Day Alphabet Book, Green"
931,Stages Learning Materials Language Builder Sequencing Flash Cards Photo Action and Self-Help Skills Sequence Cards for Autism Education and ABA Therapy
932,Rhode Island Novelty Plastic Firefighter Chief Hat (Set of 24)
933,Hot Wheels 9-Car Gift Pack (Styles May Vary) AND Hot Wheels Super Speed Blastway Track Set [Amazon Exclusive]
934,"Swing-N-Slide PB 8331 Playful Palace Swing Set with Slide, Swings, Wood Roof, Picnic Table & Climbing Wall, Wood"
935,"Hornit Mini Lids Multi-Sport Helmet with Rear Light | CPSC Certified for Biking, Skateboarding, and Skating | Fully Adjustable for Comfort and Safety"
936,"Axial SCX10 II UMG10 4WD RC Rock Crawler Electric Unassembled Off-Road Kit (Radio System, Battery, Charger, Electronics Sold Separately): 1/10 Scale, AXI90075"
937,DIAMOND SELECT TOYS Marvel Gallery Black Panther Movie Killmonger PVC Diorama
938,"Rohl U.3270L-PN-2 Mb1951Lmtcb Two 1/2"" Deck Sidevalves"
939,Schylling Silver Racecar Metal Speedster
940,"American Educational Glass Right Angle Prism, 50mm Length, 32mm Width (Bundle of 5)"
941,"PRANG Refill Pans for Oval Watercolor Paint Set, 12 Pans per Box, Turquoise Blue (00819)"
942,"Jada Venia 9.75""x7.75"" Sherri Ohler Sleigh Light Box Insert"
943,"Nella The Knight Classic Child Girl Costume, M (3T-4T)"
944,Hot Racing YEX1201 Aluminum Front Bulkhead Gearbox - Yeti XL
945,"Funko Star Wars Smuggler's Bounty Box, Cloud City Theme"
946,"Forum Novelties I'm Invisible Costume Stretch Body Suit, Pink, Child Large"
947,"Pillow Pets Signature, Friendly Frog, 18"" Stuffed Animal Plush Toy"
948,Trends International Trolls Poppy Wiggle Pens
949,SET Junior Board Game
950,Traxxas Alias Led Light Bar
951,"NPW Twisted Games, Akward Silence"
952,Black Catsuit - Adult M/L | 2 Ct.
953,TIME Stories: Lumen Fidei
954,"Educational Insights Design & Drill See-Through Creative Workshop - Drill Toy, STEM & Construction, Building Toy"
955,"Redcat Racing Monster Truck Body, Silver/Black/Red"
956,"UST Learn & Live Educational Card Set with Durable, Waterproof, Compact Design and Essential Outdoor Skills for Hiking, Camping and Outdoor Survival"
957,RPM 70362 Rear Shock Tower Slash/Stampede 4x4 Black
958,"Mi-Zone Kids Dinosaur Dreams Twin Kids Bedding Sets for Boys - Grey, Blue, Dinosaur – 3 Pieces Boy Comforter Set – Ultra Soft Microfiber Kid Childrens Bedroom Comforters"
959,"Little JJ Cole Backpack for Kids, Robot"
960,"Walthers Cornerstone HO Scale Model United Petroleum Refining Kit, 13-1/2 x 8-1/4 x 15 34.3 x 21 x 38.1cm"
961,Lauri Lacing & Tracing - Noah's Ark Set
962,Star Wars Boys' Storm Trooper Winter Beanie & Glove Set
963,"BePuzzled Original 3D Crystal Jigsaw Puzzle - Fruit Grapes Assembly Brain Teaser, Fun Model Toy Food Gift Decoration for Adults & Kids Age 12 and Up, 41 Pieces (Level 2)"
964,"hand2mind Learn to Read with Bob Books and VersaTiles - Sight Words Set (Ages 3-6) | Sight Words Games, 10 BOB Books, 20-Page Workbook & 1 Answer Book, Award Winning"
965,Iridescent Lets Party Headbands - 5 Pack
966,Mech-X4 Mech-Link Communicators Role Play Set
967,"Funko 35991 POP PEZ: Batman 1966 TV - Robin, Multicolor"
968,"HHIP 4902-0045 Hastings Triplet Magnifier, 10 x Power, 21 mm Lens Diameter"
969,"Perler Beads Creative Kid Bead Kit Kids Craft, 5000 pcs"
970,Star Wars Rebels - Ezra Lightsaber
971,Wheels on The Bus Matching Game
972,"34"" Foil Gold Number 1 Balloon"
973,Funko Pop! Disney: Aladdin Live Action - Prince Ali
974,"Candylocks, 3-Pack, Posie Peach 3-inch Scented Collectible Surprise Doll and 2 Pets with Accessories"
975,"World of Eric Carle, The Very Hungry Caterpillar Happy Birthday Oversized Soft Book, 8.5"""
976,Ceaco Strawberry Shortcake On Her Vespa Puzzle (60Piece)
977,"Hathaway Ranger 5' AIR Hockey Table, 60"" L x 30"" W x 31"" H, Black"
978,Square Enix Final Fantasy: Chocobo Autograph (Black Version) Plush
979,Darice St. Patrick's Day Pot O' Gold Foam Stickers-67 pc
980,"School Smart Money Kit, Bills and Coins with 12 Compartment Plastic Tray, Grades K-4"
981,Disney Pixar Cars Wheel Action Drivers Race & Win Playset
982,"FDP SoftScape Super Climb and Slide Climber for Toddlers and Kids, Colorful Beginner Soft Structure for Active Playtime (6-Piece Set) - Contemporary"
983,The Color Monster Childrens Game
984,"The Tin Box Company 181007-12 Crayola 2-Piece Storage Tin with Sharpener, Crayons Not Included"
985,EuroGraphics Nasa Solar System 1000 Piece Puzzle
986,Star Wars: The Last Jedi First Order Stormtrooper Electronic Mask
987,"Eureka Dr. Seuss Oh the Places You'll Go Motivational Poster Classroom Door Decoration, 12'' x 45''"
988,"Shopkins, 5 Wood Puzzles Set"
989,"DC Collectibles Yellow Lantern Power Battery & Ring Prop Replica, 1: Scale"
990,"The Kids Room by Stupell Smile Make Memories Rainbow Rectangle Wall Plaque, 11 x 0.5 x 15, Proudly Made in USA"
991,Yocaher New VW Vibe Beach Series Longboard Complete Cruiser and Decks Available for All Shapes (Complete-Oldschool-Blue)
992,"Arcane Tinman Dragon Shield Shell: Deck Box Collectible Card, Black, One Size"
993,Buffalo Games - Chuck Pinson - Brookside Retreat - 1000 Piece Jigsaw Puzzle
994,"Ceaco Tim Rogerson Disney Mickey Mania Hugs & Kisses Jigsaw Puzzle, 550 Pieces"
995,"Cathedral Art Saint Michael Pocket Token, 1-Inch"
996,Daron Delta Air Lines Radio Control Plane with Lights & Sound
997,"Wild Republic Llama Pegacorn Plush, Stuffed Animal, Plush Toy, Gifts for Kids, 12"""
998,"Luigi Skirt Version Costume, Small (4-6x)"
999,"Amscan 450458 Party Supplies Chalkboard Paper Stickers, 3 1/4"" x 2 1/4"", Multicolor"
